id,date,text,likes,comments,reposts,views,link,attachments
41204,2026-08-31 17:44:23,"""У научных коллективов университета много значимых результатов, но останавливаться на достигнутом нельзя""    📚 Сегодня на заседании ученого совета ректор Владимир Богатырев представил итоги работы университета за 2025/2026 учебный год и поставил задачи на новый период.    📌 Он кратко остановился на ключевых событиях отчетного периода, особо отметив, что университет решает важнейшие государственные задачи, активно участвуя в реализации национальных и федеральных проектов.    🔺 Владимир Богатырев напомнил, что коллектив университета в 2025 году успешно защитил стратегию развития университета по программе ""Приоритет-2030"" и продолжает участвовать в программе ""Передовые инженерные школы"" (ПИШ). Кроме того, сформирована и передана в Минобрнауки России новая стратегия развития инженерного образования и научных исследований, а также сформирована инициативная программа развития беспилотных авиационных систем (БАС) в университете.    🔬 Выделяя научно-исследовательский блок работы, ректор отметил, что здесь у научных коллективов университета много значимых результатов, среди них – созданная в университете, запущенная на орбиту и отработавшая в космосе аппаратура на борту космического аппарата ""БИОН-М №2"". А также выведенный на орбиту в декабре 2025 года наноспутник АИСТ-СТ. Кроме того, создан в университете и готовится к запуску наноспутник «СамСат-Орион» для исследования ионосферы Земли.    ⚡При этом Владимир Богатырев подчеркнул: останавливаться на достигнутом нельзя – коллектив университета будет участвовать в программах по созданию Российской орбитальной космической станции, космического аппарата ""БИОН-М №3"", а также по развитию физического ИИ для роботов и автономной техники.    ℹ Подробности скоро на сайте университета!",58,0,1,7533,https://vk.com/wall-69812_41204,"photo, photo, photo"
41203,2026-08-31 15:25:13,"От Центра управления полётами до скалодрома: участники блог-тура ""Студтуризма"" оценили инфраструктуру Самарского университета им. Королёва    🔺 С 28 августа по 1 сентября в Самарском университете им. Королёва прошёл ознакомительный блог-тур в рамках федеральной программы молодёжного и студенческого туризма. Делегация из шести медиакреаторов – представителей ведущих вузов страны – знакомилась с ключевыми объектами университета: научными лабораториями, студенческими конструкторскими бюро, музеями и интерактивными пространствами, Ботаническим садом, Умным домом бабочек и планетарием, фиджитал-резиденцией ""Тетрис"" и скалодромом ""Луна"".    📌 Кульминацией деловой части программы стала встреча с ректором университета Владимиром Богатыревым и активом студентов, на которой обсуждались перспективы развития университета, межвузовское партнерство и поддержка студенческих инициатив.    💬 ""С развитием технологий возрастает спрос на специалистов, обладающих универсальными знаниями и широким кругозором. Самарский университет создаёт все возможности для того, чтобы студенты совершенствовались и в науке, и в творчестве, и в спорте"", – подчеркнул ректор.    📚 Как отметила ранее заместитель Министра науки и высшего образования РФ Ольга Петрова, такие поездки становятся системным инструментом популяризации российской науки и образования.    💥 Программа ""Студтуризм"" реализуется при поддержке Минобрнауки России. Цель проекта – показать возможности молодежного и студенческого туризма, познакомить аудиторию с университетами-партнерами и вдохновить студентов на путешествия по России и миру.    ℹ Подробнее читайте на сайте в ближайшее время!",47,0,10,6853,https://vk.com/wall-69812_41203,"photo, photo, photo, photo, photo, photo, photo, photo"
41201,2026-08-31 13:48:48,"📌 Мнение эксперта: «Политическое лобби нашему авиапрому нужно и сейчас»    🔺 В продолжение темы о рабочей встрече Александра Фетисова с инженером Самарского университета Ильёй Лейковским публикуем позицию человека, который стоял у истоков Российского авиационного консорциума. Сергей Исаков, сегодня возглавляющий Русскую инженерную компанию, в эксклюзивном интервью «Самарскому обозрению» дал оценку перспективам серийного производства средне- и дальнемагистральных самолетов – ТУ-214, ИЛ-96-300, ИЛ-96-400М.    📚 Эксперт отметил, что проект нуждается в сильном внутриполитическом лобби. И здесь показателен результат деятельности Александра Фетисова: его инициатива по развитию самарского авиапрома включена в Народную программу «Единой России».    Подробнее в материале «Самарского обозрения»!",32,1,2,6685,https://vk.com/wall-69812_41201,photo
41200,2026-08-31 10:30:00,"🤔 Чем может обернуться заманчивое предложение о легких деньгах?  📖 История Данилы – типичный пример легкого заработка, который поначалу выглядит совершенно безобидным, но в итоге приводит к тяжелым последствиям. Денежное вознаграждение в размере нескольких тысяч за проданную карту может грозить лишением свободы до 20 лет.  Какие могут быть последствия для дроппера?  📌 Ст. 187 УК РФ «Неправомерный оборот средств платежей» – до 7 лет лишения свободы и штрафом до 1 млн. рублей. 📌 Ст. 205.1 УК РФ «Содействие террористической деятельности» – до 20 лет лишения свободы либо пожизненным и штрафом до 1 миллиона рублей.  ✅ Поделитесь историей, чтобы каждый знал: легкий заработок зачастую приводит к тяжелым последствиям. Не передавайте третьим лицам банковские карты – они могут быть использованы в незаконной деятельности, в том числе в финансировании терроризма.  ℹ️ Видеоролик разработан НЦПТИ совместно с Центром по противодействию экстремизму (ЦПЭ) ГУ МВД России по Ростовской области.",16,0,4,3644,https://vk.com/wall-69812_41200,video
41198,2026-08-30 09:05:58,"📲 Один телефонный звонок может стать началом опасной цепочки событий. Героиня комикса Лиза поверила словам незнакомца, сообщила код подтверждения и оказалась под психологическим давлением мошенников. Страх, шантаж и постоянные угрозы заставили её поверить, что единственный выход – выполнять чужие указания. Не желая оставаться одной, она попросила своего молодого человека Диму просто пойти рядом. Но даже такое решение привело к тому, что в опасную ситуацию оказался втянут ещё один человек.  📌 Комикс [https://vk.ru/kc_samarauniversity|Координационного центра] напоминает: мошенники используют не только технологии, но и страх, чтобы заставить человека совершить противоправные действия. Если вас запугивают, требуют хранить всё в тайне или выполнить незаконное поручение, прекратите разговор, не следуйте инструкциям и немедленно обратитесь за помощью в правоохранительные органы или к близким.  ❗Берегите себя и помните: вовремя остановиться – значит не дать мошенникам управлять вашей жизнью.",29,0,5,5539,https://vk.com/wall-69812_41198,"photo, photo, photo, photo, photo, photo, photo, photo, photo, photo"
41182,2026-08-28 14:05:50,"🥰 «Самая ценная реликвия, которую мне передали родители и которую я смогла передать своим детям, – это безусловная любовь», – говорит Римма Рудман, старший преподаватель кафедры алгебры и геометрии нашего университета.   📖 В большом интервью для [https://vk.ru/sobakasmr|журнала Собака.ru] она рассказывает о ценностях, интересах, увлечениях, которые объединили сразу три поколения ученых. Об истории семьи с нежностью говорит и дочь Риммы Анна Демина, доцент кафедры философии нашего университета.   🔹 Как преемственность превращается из красивого слова в ежедневный вдохновенный труд?  🔹 Почему ничего не возникает на пустом месте? 🔹 Что отличает современных студентов от их предшественников?   Об этом и многом другом мы предлагаем вам узнать в пятницу вечером, на излете лета, перед началом нового учебного года.  Приятного вам погружения в чтение✨   Подробности на сайте. Ссылка в комментариях 👇  Текст: Ксения Возгорькова Фото: Дарья Мищенко",137,3,27,14184,https://vk.com/wall-69812_41182,"photo, photo"
41181,2026-08-28 13:07:04,"💥 Приёмная кампания в Самарском национальном исследовательском университете имени академика С.П. Королёва подходит к концу. В этом году университет вновь подтвердил статус одного из самых востребованных в стране – конкурс на поступление вырос, география абитуриентов расширилась, а набор на магистерские программы побил показатели предыдущих лет.  📌 Особенностью этого года стало открытие в магистратуре нового профиля – «Конструкторско-технологическое обеспечение машиностроительных производств», а также старт двух уникальных образовательных программ с двумя квалификациями: «Управление персоналом – Управление персоналом и организационная психология», «Двигатели летательных аппаратов – Искусственный интеллект и большие данные в двигателестроении». Такие программы дают выпускникам двойное преимущество на рынке труда – и это вызвало большой интерес у абитуриентов.  💬 «Самарский университет им. Королёва подтверждает свою привлекательность для абитуриентов из разных уголков России и мира. Рост конкурса, высокий средний балл ЕГЭ, уникальные образовательные программы и расширение географии поступающих – всё это говорит о доверии к университету и к качеству образования, которое здесь получают талантливые студенты», – говорит начальник управления формирования и сопровождения контингента Сергей Горяинов.  Подробности на сайте",190,1,9,15987,https://vk.com/wall-69812_41181,photo
41180,2026-08-28 11:58:13,"🎉 День знаний Самарского университета им. Королёва    ✨ Первого сентября университет зовет первокурсников на торжественные линейки. Вас приветствуют представили ректората и ключевые работодатели.  Программа торжественных линеек по институтам👇     Южный кампус | манеж (Врубеля, 29Г) 🕘 09:00 – Институт двигателей и энергетических установок 🕑 10:00 – Институт экономики и управления 🕚 11:00 – Институт авиационной и ракетно-космической техники 🕛 12:00 – Институт информатики и кибернетики 🕐 13:00 – Институт естественных и математических наук 🕚 14:00 – Социально-гуманитарный институт  Северный кампус | в холле корпуса № 22 (Академика Павлова, 1) 🕘 09:00 – Юридический институт",323,1,81,26716,https://vk.com/wall-69812_41180,photo
41179,2026-08-28 09:37:16,"🏆 Футбольный дебют – и уже победа!  В Самаре прошёл традиционный турнир, посвящённый Дню воздушного флота. В этом году на поле впервые вышла команда Самарского университета им. Королёва – и сразу уверенно заявила о себе!  ⚽ Наши сотрудники сражались с сильными соперниками: «Курумоч», «Аэронавигация», «Дозор», «Таможня». Итог группового этапа – 7 очков, разница мячей +3 и уверенное 1‑е место!  🔥 А старший преподаватель кафедры физвоспитания Руслан Магомедов признан лучшим защитником турнира – гордость команды!  💬Команда собралась буквально за несколько дней, тренировок почти не было, но на поле ребята показали слаженную игру. Капитан Олег Павлов отметил: «Мы играем по средам и воскресеньям, а для этого турнира собрали сборную из увлечённых футболом коллег. Соперники играли азартно, но мы держались достойно».  Кстати, турнир – это не только спорт, а настоящий корпоративный праздник: хор аэропорта, конкурсы болельщиков, аниматоры для детей и семейная атмосфера на трибунах. И наши новички вписались в неё идеально! 👏  💪 Состав нашей команды – это сотрудники разных подразделений: от кафедр до управления спортивными базами. Настоящая университетская сборная!",53,0,4,5588,https://vk.com/wall-69812_41179,"photo, photo, photo, photo, photo, photo, photo, photo, photo, photo"
41178,2026-08-28 08:33:04,"⚡ Подготовка инженеров для космоса сегодня невозможна без погружения в реальные проекты по созданию и управлению спутниковыми группировками  📌 С такой позицией выступил ректор университета Владимир Богатырев на панельной сессии «Инвестиции в кадры для космоса», состоявшейся в рамках XIII Международного форума технологического развития «Технопром-2026» в Новосибирске.   ✅ Главная тема нынешнего «Технопрома» – «Российская наука – основа технологического лидерства». В деловой программе форума выделен отдельный трек, посвящённый кадровому обеспечению национальных проектов, где обсуждалась непрерывная модель подготовки специалистов – от школьной профориентации до трудоустройства на высокотехнологичных предприятиях. В мероприятии участвуют делегации из 75 регионов России и 39 зарубежных стран.  ℹ В своём выступлении Владимир Богатырев подробно остановился на опыте университета, где внедрено поэтапное проектное обучение на реальных студенческих спутниках. На первых курсах студенты работают с атмосферными CanSat, затем переходят к орбитальным аппаратам формата CubeSat, а в магистратуре и аспирантуре осваивают критические технологии – автономное маневрирование, высокоскоростную радиосвязь и радиационную стойкость. У университета есть собственная группировка малых космических аппаратов, а в этом году запланирован запуск нового спутника «СамСат-Орион». Драйвером этих изменений стал [https://vk.ru/talentforspace|федеральный проект «Кадры для космоса»], благодаря которому в университете создана молодёжная лаборатория сверхмалых космических аппаратов, запущены три программы дополнительного профессионального образования на 710 человек каждая. До конца 2026 года университет разработает и изготовит наноспутник «СамСат Королёвец» на базе собственной универсальной платформы и группировку из восьми сверхмалых аппаратов формата 2tU, а также модернизирует центр приёма космической информации. В целом в рамках федерального проекта «Кадры для космоса» до конца года планируется создание 40 студенческих и школьных спутников, а к 2036 году их число превысит 400.   💬 «Сегодня требования к подготовке инженеров для космоса меняются кардинально: отрасль переходит от одиночных аппаратов к группировкам спутников и орбитальным платформам, а на место классических инженерных решений приходят искусственный интеллект, миниатюризация, новые материалы и квантовые коммуникации. Для того чтобы готовить кадры, отвечающие вызовам времени, нужны новые подходы к обучению», — подчеркнул ректор. Он выступил с предложением поддержки в рамках федпроекта более сложных космических миссий, перехода на двухлетний цикл реализации проектов и привлечения к участию в них иностранных студентов.",36,0,0,4606,https://vk.com/wall-69812_41178,"photo, photo, photo"
41176,2026-08-25 12:34:29,"⚡ Студенты предложили свои варианты привлечения внимания сверстников к процедуре голосования    📌 На этой неделе в университете кипели нешуточные страсти: 37 студентов объединились в семь команд, чтобы вынести на суд экспертов проекты, способные привлечь внимание их друзей и сокурсников к предстоящим выборам.    ✨ Молодые люди креативили в рамках стратегической сессии под тематическим названием «Важен каждый!», организатором которой выступил Координационный центр.    ℹ После многочасового мозгового штурма студенты предложили семь жизнеспособных электоральных проектов, ориентированных на своих сверстников. Среди высказанных идей - информирование о дате, времени, формате и месте голосования с использованием ресурсов университета, популяризация избирательного процесса с помощью текстов и видео в социальных сетях, репетиция процедуры выборов в форме игры, нестандартные меры по пресечению возможных нарушений в дни голосования, участие студентов в процессе общественного наблюдения за ходом голосования с выводом трансляции в интернет и многое другое.    🎁 Три команды, которые, по мнению экспертов, предложили наиболее реалистичные для реализации проекты, получили от организаторов фирменный мерч, а все участники - памятные сувениры.    Подробности на сайте университета.",68,0,11,9922,https://vk.com/wall-69812_41176,"photo, photo, photo, photo, photo, photo, photo, photo, photo, photo"
41175,2026-08-22 08:06:40,"✈️ Александр Борисович Фетисов: «Чтобы решить задачу, в неё нужно полностью погрузиться». Его цель — вернуть Самаре статус авиационной столицы.  📌 Для системного подхода Александр Борисович обратился за экспертизой к Самарскому университету им. Королёва и провёл рабочую встречу с инженером Ильёй Лейковским. Вместе они обсудили будущее авиационного двигателестроения, опираясь на легендарное наследие генерального конструктора Николая Дмитриевича Кузнецова.  ℹ️ В числе знаковых разработок — двигатели НК‑12, НК‑25, НК‑32 и другие. Особый потенциал — у НК‑93: его серийный запуск мог бы стать отраслевым прорывом.  📝 Для возрождения авиаотрасли в регионе нужна комплексная программа, объединяющая предприятия, науку и образование. Впереди — большая работа: преодоление барьеров, актуализация проектов и создание новых решений.",78,0,4,12499,https://vk.com/wall-69812_41175,"photo, photo, photo"
41173,2026-08-22 06:24:27,"🇷🇺 Сегодня – День Государственного флага России  Бело-сине-красный триколор кажется нам привычным. Но так было не всегда.  🤔 Знаете ли вы, что у этого флага были «соперники»? Что долгое время он считался скорее морским, чем государственным? И что его цвета появились ещё при царе Алексее Михайловиче, но точный порядок тех полос мы уже не узнаем?  ✅ О том, каким был путь бело-сине-красного флага, и почему выбор цветов до сих пор остаётся загадкой – читайте в материале декана исторического факультета Ярослава Голубинова в нашем канале в Дзене. Ссылка в комментариях.",42,1,1,7233,https://vk.com/wall-69812_41173,photo
41171,2026-08-21 08:32:12,"📚 Николай Бестужев – кто он? По мнению доктора филологических наук, профессора кафедры русской и зарубежной литературы и связей с общественностью Константина Позднякова, это недооцененный писатель эпохи русского романтизма.    ℹ Ученый исследует классические таинственные повести XIX-XX вв. и в статье «Фантастика и реализм в творчестве Николая Александровича Бестужева: особенности поэтики повести «Шлиссельбургская станция» делает однозначный вывод: до сих пор творчество этого писателя рассматривалось односторонне – с точки зрения предреалистических тенденций в отечественной литературе.    📖 В повести, рассматриваемой ранее литературными критиками исключительно с позиции реализма, Константин Поздняков фиксирует смешение целого ряда направлений: и фантастическую образность, присущую сентиментализму, и реализм, и романтизм. Также доктор филологических наук отмечает трансформацию готических мотивов и образов и переосмысление автором элементов святочного рассказа.    💬 «Я исследую поэтики жанра таинственной повести, которая является наследницей готического романа, получившего распространение в Европе в XVIII веке. Этот жанр характерен для слома эпох и востребован не только у читателя с мистическим мировоззрением, предпочитающим объяснять жизненные явления и происшествия влиянием потусторонних сил, но и у любого ценителя классической литературы», – говорит Константин Поздняков.    📌 В планах профессора кафедры русской и зарубежной литературы и связей с общественностью – написание книги, где жанр таинственной повести будет всесторонне изучен.    Подробности на сайте университета.",39,1,4,7518,https://vk.com/wall-69812_41171,"photo, photo, photo"
41165,2026-08-20 13:20:26,"🎉 42 студента Самарского университета им. Королёва – стипендиаты Президента и Правительства РФ!    Министерство науки и высшего образования РФ подвело итоги конкурсов на назначение стипендий Президента и Правительства Российской Федерации. Студенты нашего университета показали впечатляющие результаты!    🏅 Стипендия Президента РФ (30 000 ₽/мес.) – 10 стипендиатов: ▫ Владислава Ефременкова ▫ Алина Ибятулина ▫ Кирилл Кретов ▫ Полина Кремущенко ▫ Сергей Куликов ▫ Леонид Николаев ▫ Михаил Платонов ▫ Мария Пронина-Репованян ▫ Дмитрий Фомичев ▫ Александр Штырлов    🏛 Стипендия Правительства РФ (20 000 ₽/мес.) – 32 стипендиата: ▫ Юлия Афанасьева ▫ Полина Гвоздева ▫ Олег Гнутов ▫ Анастасия Домнина ▫ Дарья Дружинина ▫ Данил Дьяков ▫ Виталий Евсеев ▫ Екатерина Иванус ▫ Тихомир Казанков ▫ Леонид Киркиж ▫ Леонид Комин ▫ Андрей Королев ▫ Екатерина Коротких ▫ Виктория Кузина ▫ Тимур Кусманов ▫ Анастасия Лузик ▫ Андрей Махоткин ▫ Максим Медведев ▫ Сергей Петров ▫ Алена Петрунько ▫ Максим Романенко ▫ Анастасия Романенко ▫ Виктория Рыбина ▫ Элина Саркисова ▫ Елена Супрун ▫ Валерия Сучкова ▫ Егор Филипенков ▫ Анастасия Фролова ▫ Юлия Хахлютина ▫ Никита Чаловский ▫ Юлия Шарыченкова ▫ Полина Яковлева    📅 Стипендии назначаются с 1 сентября 2026 года сроком на 12 месяцев.  На фото стипендиаты: Полина Яковлева, Леонид Комин, Сергей Куликов, Дарья Дружинина.",229,4,55,22363,https://vk.com/wall-69812_41165,"photo, photo, photo, photo"
41164,2026-08-20 13:04:09,"📖 История Самарской области – это не только события и даты. Это и анализ развития региона, который стал одним из ключевых центров экономики, торговли и общественной жизни России.    📌 В рубрике «Интересные факты» [https://vk.ru/kc_samarauniversity|Координационный центр] продолжает знакомить вас со страницами прошлого Самарского края. Каждая эпоха оставила свой след в становлении региона и его роли в истории страны.  Новые карточки посвящены второй половине XIX века – времени активного экономического роста, развития транспортной инфраструктуры и укрепления значения Самарской губернии как одного из важнейших регионов России.    ☝Листайте карточки и следите за рубрикой – впереди ещё больше интересных фактов об истории, достижениях и наследии Самарской области.",39,0,1,6599,https://vk.com/wall-69812_41164,"photo, photo, photo, photo"
41160,2026-08-20 10:47:41,"📌 Продолжается прием заявок на участие в «Зимнем университете» на площадке нашего университета.    📚 «Зимний университет» – это двухнедельная интенсивная программа для иностранных студентов, направленная на погружение в передовые инженерные технологии, решение практических задач и развитие академического сотрудничества.    ℹ В этом году «Зимний университет» пройдет с 23 ноября по 6 декабря. Самарский университет им. Королёва предлагает для обучения две программы: «Инженерия авиакосмических систем» («Aerospace Systems Engineering») и «Проектирование и конструирование современных беспилотных авиационных систем» («Design and construction of modern unmanned aircraft systems»). Также участников ждет проектная работа в современных лабораториях и знакомство с культурой России.    «В прошлом году для участия в «Зимнем университете» в Самарскую область приехали более 200 студентов из 11 стран – около 150 учащихся из Белоруссии, Китая, Индии, Сербии, ЮАР, Армении, Казахстана, Киргизии, Таджикистана и Узбекистана, а также более 50 студентов из различных регионов России. В этом году мы ожидаем, что количество участников интенсива увеличится», – говорит Ольга Есипова организатор площадки в университете, начальник управления занятости и карьеры.    📌 Помимо нашего университета «Зимний университет» пройдет в Санкт-Петербургском политехническом университете Петра Великого и Новгородском государственном университете имени Ярослава Мудрого.    Прием заявок на участие в интенсиве идет до 4 октября на официальном сайте.",38,1,3,7454,https://vk.com/wall-69812_41160,photo
41156,2026-08-19 13:39:08,"🌱 19 августа в Самарской области – региональный День особо охраняемых природных территорий. И сегодня волонтёры вышли на уборку Ботанического сада Самарского университета им. Королёва. Сотрудники министерства природных ресурсов и экологии региона, «серебряные» волонтёры, студенты и школьники – от Ресурсного центра добровольчества, а также волонтёры РЖД собрались, чтобы привести в порядок несколько участков «зеленого сердца» нашего города.    💬 Андрей Ардаков, и.о. руководителя департамента охраны окружающей среды: «В Самарской области более 214 ООПТ, и Ботанический сад Самарского университета – одна из них. Это настоящий подарок для горожан – иметь в центре города такой уголок природы, за которым следят сотрудники Ботсада. Спасибо волонтёрам за помощь в поддержании сада в прекрасном состоянии!»    💬 Анна Розенцвайг, первый проректор – проректор по науке: «Сегодня важный день. Отрадно, что нас поддерживает министерство природных ресурсов и экологии и помогает благоустраивать наш Ботанический сад. Это общее дело, которое объединяет людей разных возрастов и профессий».    ✅ Активисты убирали скошенную траву на участках у сирингария, на участке степной флоры и рядом с оранжереей. Среди них – постоянные помощники Ботсада, для которых забота о природе стала доброй традицией.    💬 Ольга Зиновьевна, волонтёр: «Здесь особый дух, микроклимат, попадаешь в другую атмосферу. Всё благоухает, и хочется внести свою лепту, чтобы сад стал ещё краше. А работа в хорошей компании – это отдельное удовольствие».    Спасибо каждому, кто вкладывает свой труд в сохранение этой уникальной территории! Ботанический сад живёт и цветёт благодаря вам 🌸",90,0,8,16429,https://vk.com/wall-69812_41156,"photo, photo, photo, photo, photo"
41154,2026-08-19 11:18:43,"📌 Архитектура Самары отражает богатое культурное и духовное наследие народов, которые на протяжении многих лет жили и развивали наш регион. А религиозные объекты города – это не только места духовной жизни, но и уникальные памятники архитектуры, в которых нашли отражение разные традиции, стили и художественные решения.    ✅ В новой подборке [https://vk.ru/kc_samarauniversity|Координационный центр] рассказывает о знаковых объектах Самары, каждый из которых является частью истории многонационального и многоконфессионального региона.    ☝ Изучайте карточки и открывайте для себя новые страницы культурного наследия Самарской области.",41,0,9,5608,https://vk.com/wall-69812_41154,"photo, photo, photo, photo, photo, photo"
41151,2026-08-18 13:22:06,"💥 Наш выпускник Кирилл Галанов назначен общественным помощником губернатора в области искусственного интеллекта.    ℹ Новому общественному помощнику главы региона 28 лет, он работает в Сбере и преподает машинное обучение и программирование на Python в Самарском университете им. Королёва: «Моя задача в качестве общественного помощника – развитие культуры искусственного интеллекта среди сотрудников, внедрение ИИ для повышения качества работы».    📌 В университете Кирилл Галанов учился на направлении «Информационная безопасность автоматизированных систем» Института информатики и кибернетики. От обучения у него остались только положительные впечатления: «У нас в университете хорошие преподаватели и прекрасные образовательные программы. Кроме того, в студенчестве я занимался внеучебной деятельностью, которая у нас хорошо развита: участвовал в программе адаптации первокурсников и был ее организатором, возглавлял студенческий совет факультета информатики, в качестве организатора участвовал в различных мероприятиях, например, Празднике улицы Лукачева, в проведении Студенческой премии и Студенческих весен».    💬 «Глубоко убеждён, что развитие искусственного интеллекта – это не дань моде, а стратегическая основа для устойчивого роста региона, и я искренне рад, что мои знания в этой области оказались востребованы», – заключил Кирилл Галанов.    Подробнее на сайте университета.",36,1,9,4635,https://vk.com/wall-69812_41151,photo
41150,2026-08-18 11:40:02,"📌 [https://vk.ru/kc_samarauniversity|Координационный центр] в рамках рубрики «Взгляд психолога» продолжает цикл публикаций, посвящённых проблемам, с которыми сталкиваются студенты. Сегодняшний материал затронет явление, с которым может столкнуться каждый, – кибербуллинг.    Подробнее читайте в [https://vk.ru/@samara_university-kak-raspoznat-kiberbulling-i-protivostoyat-emu-v-studenchesk|статье].    📲 Хотите поговорить на эту тему с психологом? Пишите [https://vk.ru/kc_samarauniversity|сюда]! Консультация бесплатная.",30,0,2,4288,https://vk.com/wall-69812_41150,photo
41149,2026-08-18 08:24:54,"⚡️ Дмитрий Фомичев, студент Института авиационной и ракетно-космической техники, разбирается в металлообработке. И номинация «Листовая штамповка» на международной студенческой олимпиаде по технологиям обработки материалов давлением (International Students Olympiad on Metal Forming Processes) это подтверждает.    📌 Международный этап олимпиады – это 🧑‍🎓 139 студентов 📚 42 университета 🌏 20 стран: Аргентина, Болгария, Бразилия, Венгрия, Вьетнам, Германия, Греция, Индия, Италия, Китай, Мексика, Польша, Беларусь, Россия, Румыния, Сербия, Словения, Турция, Узбекистан, Южная Корея.    Поздравляем Дмитрия с победой 👏",114,0,10,9026,https://vk.com/wall-69812_41149,photo
41148,2026-08-17 12:26:23,"💥 Два технических клуба, 8 команд, 5 призовых мест! Студенческие объединения нашего университета стали частью большого инженерного приключения и покорили экспертов Всероссийского чемпионата «Воздушно-инженерная школа». ВИШ – это масштабный проект МГУ и Госкорпорации «Роскосмос», участники которого проходят полный цикл творчества – от идеи до защиты проекта и запуска собственной ракеты.    ✅ СКБ RocketLAV и Клуб аэрокосмического приборостроения «Космический градиент» сделали мощные заявки на победу, в результате в лиге «Супер ГИРД» за самарскими студентами и первое, и второе места. Подробности читайте на сайте.    📌 А пока расскажем об одном звездном проекте. Команда «охотников за привидениями» («ГОСТбастерс» во главе с Полиной Яковлевой) стала абсолютным победителем лиги СуперГИРД, впечатлила жюри конкурса комплексным подходом.    ℹ Команда разработала композитную ракету с анизогридной структурой корпуса и попыталась создать импеллерный двигатель вместо традиционного пиротехнического. Несмотря на то что двигатель не выдержал нагрузок на испытаниях, впечатляющий уровень бортовой электроники (телеметрия, видео, несколько приемных станций) и общая технологичность проекта не оставили шансов соперникам.    💬 «Несмотря на то что не все прошло по плану, команды хорошо постарались в этом году, – отметил Алексей Кумарин, руководитель клуба «Космический градиент». – Самое главное – что все они превзошли самого сложного оппонента – себя из прошлого. Надеемся, что все участники продолжат работу в новом сезоне уже над новыми, еще более интересными проектами».",85,0,10,7131,https://vk.com/wall-69812_41148,"photo, photo, photo"
41129,2026-08-14 13:15:43,"⚡️ Семь студентов и аспирантов университета стали победителями федерального конкурса «УМНИК»!    📌 «УМНИК» – это один из первых этапов формирования будущих «единорогов». Гранты выдает Фонд содействия инновациям. Каждый победитель получает 500 тыс.₽ на свой проект. Средства гранта дают возможность провести научные исследования, которые лягут в основу будущих стартапов.    Наш университет представлен семью победителями:  🔹Валерия Сербина, разработка программного сервиса интеллектуального планирования и оптимизации производственных процессов на основе цифровых двойников и методов машинного обучения.  🔹Ирина Пименова, разработка метода интеллектуального анализа рамановских спектров сыворотки крови.  🔹Степан Буторин, разработка двигательной установки для малых космических аппаратов типа CubeSat на экологически чистом, доступном, безопасном топливе «ПроЗа».  🔹Ксения Дубова, разработка программного модуля анализа сетевого трафика для обнаружения аномалий.  🔹Кирилл Хаперский, разработка системы компьютерного зрения для выявления дефектов в процессе лазерного сплавления (L-PBF).  🔹Алексей Якимов, разработка программного модуля автоматизированной генерации геометрии проточных частей осевых турбин с помощью искусственного интеллекта.  🔹Петр Семенов, разработка программно-аппаратного комплекса интуитивного жестового управления тяжелым квадрокоптером на основе методов машинного зрения для строительной индустрии.    Поздравляем вас и желаем реализации проектов 💙    На фото один из победителей – Петр Семенов.",96,3,9,13606,https://vk.com/wall-69812_41129,photo
41127,2026-08-14 12:38:09,"✅ [https://vk.ru/kc_samarauniversity|Координационный центр] расспросил студенческих лидеров из четырех университетов нашего региона, почему важно уметь слышать друг друга и какие ценности помогают находить общий язык.    💬 В этом видео студенты поделились своими мыслями о том, почему важно быть честными и открытыми. Среди них – Максим Романенко, председатель совета старост Самарского университета им. Королёва и региональный координатор Молодёжного клуба Российского исторического общества. Присоединяйтесь к разговору о ценностях, которые помогают нам сохранять уважение и взаимную поддержку.",32,0,0,4964,https://vk.com/wall-69812_41127,video
41125,2026-08-14 09:55:31,"🎉 Магистр Института экономики и управления Андрей Королев стал первым в истории нашего университета лауреатом престижной именной стипендии Правительства РФ имени Егора Тимуровича Гайдара.    ✅ Это достижение не только для самого Андрея, но и для университета, поскольку еще раз подтверждает уровень подготовки наших студентов-экономистов.    ⭐️ Всего десять лучших студентов-экономистов со всей страны становятся стипендиатами этой премии. Для ее назначения нужна безупречная успеваемость («отлично» за весь период обучения) и достижения в науке.    Андрей учится на специальности «Экономика», профиль «Финансовая аналитика». Его научные исследования сфокусированы на таких вопросах мировой экономики, как:  🔹 сырьевая и ресурсная экономика;  🔹 влияние геополитики и глобальных кризисов;  🔹 неоколониальные механизмы и рентные отношения;  🔹 финансовые рынки и институциональные риски;  🔹 страновой анализ и корпоративная экономика.    По этим темам молодой ученый опубликовал более 50 статей в журналах ВАК. 📚",319,9,42,35149,https://vk.com/wall-69812_41125,photo
41124,2026-08-14 07:11:38,"🤩 Смотрите, кто пришел!    Приемная кампания движется к финалу, и мы уже видим, какие яркие, творческие и талантливые первокурсники у нас будут учиться 💥    📲 Так, Мария Буракова из Волгограда поделилась в своих соцсетях радостью от того, что она поступила в Самарский национальный исследовательский университет им. Королёва. Будущая телеведущая от студенческой жизни с нетерпением ждет начала собственно процесса обучения, так как, по словам девушки, «все дисциплины вызывают большой интерес и желание самосовершенствоваться, использовать все возможности для развития в сфере телевидения и медиа».    Мы хотим познакомиться и с другими нашими первокурсниками 🤗 Пишите в комментариях, на какое направление и в какой институт вы поступили👇 А также рассказывайте, откуда вы и чего ждете от студенческой жизни!",84,1,25,959,https://vk.com/wall-69812_41124,video
41121,2026-08-13 15:02:37,"🙌 Добрый день, уважаемые слушатели!  🎙 Сегодня мы представляем вам новый выпуск подкаста «Очень личное» – о феномене, который делает нас заложниками собственных убеждений. Возможно, вы слышали о выученной беспомощности, спутниками которой становятся мысли: «Я всё равно не справлюсь», «От меня ничего не зависит», «Зачем пробовать, если ничего не получится?».  В этом выпуске мы обсудим, откуда всё это берётся и как это преодолеть.  📌 Наш сегодняшний гость – Сергей Березин, психолог, который помогает разобраться в хитросплетениях нашего внутреннего мира. С ним мы поговорим о том, как эксперименты 1967 года объясняют поведение современных людей, почему фраза «Ты способный, но ленивый» – одна из самых разрушительных и как найти опору, когда кажется, что всё идёт не так.  Из этого выпуска вы узнаете:  🔹 Как открыли феномен выученной беспомощности? 🔹 Почему мы перестаём верить в свои силы даже тогда, когда у нас появляется возможность всё изменить? 🔹 Лень, апатия, страх и выученная беспомощность – в чём разница? 🔹 Почему люди в экстремальных ситуациях выживают, а в бытовых – сдаются? 🔹 Как вернуть контроль над собственной жизнью, когда кажется, что от тебя ничего не зависит?  Слушайте и вдохновляйтесь!",54,0,18,8354,https://vk.com/wall-69812_41121,"photo, photo, photo, podcast"
41115,2026-08-12 11:07:54,"Приветствуем вас, дорогие первокурсники! 🎉    🤗 Мы искренне рады вам! Многие из вас уже получили подтверждения о зачислении и думают: а что же дальше, чего ожидать? А ждать нужно только хорошего)    📌 Впереди – зачисление в группы, адаптационные выездные семинары, организованные для вас, заселение в общежития и еще целый ряд обязательных процедур, которые позволят вам плавно влиться в яркую студенческую жизнь.    ✅ Предлагаем всем подписаться на группы своих факультетов и институтов в социальных сетях. Там вас обязательно сориентируют по всем вопросам.   Добро пожаловать в многотысячную семью Самарского университета им. Королёва 💙    [https://vk.ru/iarkt.ssau|Институт авиационной и ракетно-космической техники] [https://vk.ru/ideu_ssau|Институт двигателей и энергетических установок] [https://vk.ru/iik.ssau|Институт информатики и кибернетики] [https://vk.ru/iemn_su_samara|Институт естественных и математических наук] [https://vk.ru/club79431338|Биологический факультет] [https://vk.ru/mmssau|Механико-математический факультет] [https://vk.ru/phys_su|Физический факультет] [https://vk.ru/samgu_him|Химический факультет] [https://vk.ru/iem_ssau|Институт экономики и управления] [https://vk.ru/samsocgum|Социально гуманитарный институт] [https://vk.ru/dekanatistfak|Исторический факультет] [https://vk.ru/psy_samgu|Психологический факультет] [https://vk.ru/club207215015|Социологический факультет] [https://vk.ru/filologisniu|Факультет филологии и журналистики] [https://vk.ru/lex63_ru|Юридический институт]",17,0,14,6195,https://vk.com/wall-69812_41115,photo
41111,2026-08-11 13:05:46,"📹 В новом выпуске программы «Эксперименты Платоновой» ведущая знакомится со своим однофамильцем и по совместительству ученым, заведующим кафедрой экологии и безопасности жизнедеятельности Владимиром Платоновым. Вместе с ним она погружается в тонкости климатических проектов нашего университета, в частности, в технологии работы аграрного карбонового полигона.    📌 Где и для чего можно использовать эти технологии, к чему может привести их внедрение и как они связаны с плодородием почвы? Ответы на эти и другие вопросы ищем в выпуске проекта.",15,0,0,5491,https://vk.com/wall-69812_41111,video
41108,2026-08-11 10:59:24,"💥 В Самарской области объявили победителей ежегодного конкурса для студентов аэрокосмической отрасли. Экспертный совет, в который вошли представители индустриальных партнеров (ОДК-Кузнецов, РКЦ «Прогресс») и академической науки, присудил премии имени выдающегося конструктора Дмитрия Ильича Козлова нашим студентам и учащимся техникума.  Студенты техникума получат единоразовые выплаты по 20 тыс. ₽, а студенты университета – по 52 тыс. ₽.  🏆 Список лауреатов от Самарского университета им. Королёва:  🚀 Самарский университет: Кирилл Персиянцев, Иван Сергеев, Никита Абдрашитов, Евгений Милешин, Кирилл Кретов, Кирилл Вильямовский, Ульяна Маслова, Валерия Сербина, Михаил Платонов, Кира Преснова, Татьяна Старостина, Артем Юртаев, Алексей Якимов, Юрий Охапкин, Андрей Фирсин, Евгений Злобин, Максим Евтушенко, Виктор Майоров, Владислав Морозов, Андрей Матвеев.  🛩 Авиационный техникум: Денис Молчанов, Иван Зайцев, Михаил Козадаев, Никита Боровенский.  📌 Напомним: Дмитрий Ильич Козлов был первым заведующим кафедрой динамики полета и систем управления (1967–1970 годы) и кафедрой летательных аппаратов (1980–1999) в университете. Именно он создал традицию отправлять лучших студентов на практику на космодром Байконур.  На фото – лауреат премии Татьяна Старостина.",38,2,6,7910,https://vk.com/wall-69812_41108,photo
41104,2026-08-10 13:04:09,,9,0,3,4644,https://vk.com/wall-69812_41104,None
41100,2026-08-10 09:14:43,"⛈ Это лето выдалось на редкость богатым на грозы, да еще и в сопровождении молний. Не исключение и минувшие выходные. Что это за природное явление, как оно возникает и в каких случаях опасно для человека?    ✅ Ответы на эти вопросы искала журналист телеканала «ГИС» Ксения Баканова, а помогал ей в этом доцент кафедры физики нашего университета Антон Кренц. Смотрим и запоминаем правила «отношений» с электрическими разрядами в небе.",17,0,1,4639,https://vk.com/wall-69812_41100,video
41063,2026-08-07 14:22:33,"Портрет первокурсника-2026  Смотрите, кто пришел на бюджет!    Сегодня, 7 августа, вышли приказы о зачислении. Встречаем новую волну студентов Самарского университета им. Королёва 👇    📌 КТО ПРИШЕЛ?  Претендовали 11 340 абитуриентов. Зачислен 2 391 человек из всех регионов страны и 8 стран мира!  ▫ Бакалавриат: 1 934.  ▫ Специалитет: 457.    🏅 ИНТЕЛЛЕКТУАЛЬНЫЙ КОСТЯК:  ▫ 761 медалист.  ▫ 46 стобалльников.  ▫ 13 призеров олимпиад.    🎯 КВОТЫ:  ▫ Целевой набор: 115 (23 из них — «Крылья Ростеха»).  ▫ Отдельная квота: 151.  В нее вошли: 5 участников СВО, 99 детей участников СВО, 46 детей участников боевых действий, 1 вдова участника СВО.    📊 КАЧЕСТВО:  Средний балл по общему конкурсу – 77,22.    Подробнее на нашем сайте!",157,3,37,19646,https://vk.com/wall-69812_41063,photo
41053,2026-08-06 10:40:09,"🌿 В музеи, зоопарки и ботанические сады мы привыкли ходить, чтобы увидеть и узнать что-то новое. Но есть среди нас и те, кто приходит в ботсад, чтобы… поделиться!    💥 Так, на днях коллекция Ботанического сада Самарского университета им. Королёва пополнилась интересным экземпляром кактуса. После определения вида (по научному – детерминации) новый житель оранжереи займет свое место среди коллекции суккулентов.    🌺 Новосёла подарил самарец Николай. Крошечная «детка» выросла в огромного зеленого и отнюдь не пушистого гиганта. Молодой человек решил найти ему новый дом, где ценят суккуленты и могут обеспечить условия для дальнейшего роста.    📌 Сотрудники Ботсада благодарят Николая и обещают окружить кактус вниманием и заботой.    Напомним обычные способы пополнения коллекции нашего Ботсада:  ✅ поступление экземпляров из природы;  ✅ по обмену с другими Ботсадами;  ✅ по делектусу (семена выписывают из специального каталога);  ✅ и после... космических миссий: да-да, это теперь частое дело для Самары – космической столицы.",45,1,4,10290,https://vk.com/wall-69812_41053,photo
41050,2026-08-05 14:47:09,"⚡ Самарская делегация приняла участие в работе международной школы в Дубне.    💥 В наукограде Дубна завершила свою работу 38-я Международная компьютерная школа Объединённого института ядерных исследований (ОИЯИ). Самарскую область здесь представили Лев Кузнецов, магистрант Самарского университета им. Королёва, и ученики № 135 школы РАН.    ⚡ Участники международной школы разрабатывали проекты, погружались в историю Дубны – города, который вырос вокруг института и стал одним из ключевых мировых центров ядерной физики, а также в историю самого ОИЯИ. Слушали лекции ведущих учёных и изучали физику высоких энергий. Также участники побывали на коллайдере NICA – сверхпроводящем коллайдере протонов и тяжелых ионов, строящемся для изучения свойств плотной барионной материи и воссоздания условий ранней Вселенной.    📌 Такая возможность появилась благодаря подписанному соглашению об открытии информационного центра ОИЯИ на базе Самарского университета им. Королёва. Оно дает возможность доступа студентам и школьникам региона к актуальным научным данным и образовательным программам института.    📚 Информационный центр будет работать на базе физического факультета и кафедры общей и теоретической физики Самарского университета им. Королёва.  Фото из личного архива Льва Кузнецова",63,0,4,10025,https://vk.com/wall-69812_41050,photo
41042,2026-08-04 13:11:48,"Ольга Есипова удостоена Благодарности губернатора Самарской области    💥 Начальник управления занятости и карьеры Самарского университета им. Королева награждена Благодарностью губернатора Самарской области. Награда присуждена за большой вклад в развитие системы высшего образования в нашем регионе.    📌 Работа Ольги Васильевны напрямую влияет на будущее наших студентов и экономику региона.    🎯 Карьерные проекты. Ежегодно под её руководством проходят фестивали карьеры, объединившие за 5 лет более 10 тысяч студентов. Создана база вакансий предприятий области и ПФО, подходящих для студентов и выпускников университета, отдел практики и итоговой аттестации ежегодно заключает свыше тысячи договоров о практике.    💻 Инновации. Разработана и запатентована информационная система для взаимодействия работодателей с обучающимися и выпускниками.    📚 Образование и наука. Более 90 научных публикаций, 3 учебно-методических пособия. Руководитель направления бакалавриата «Мировая экономика».    ✈ Стратегические проекты. С 2024 года Ольга Васильевна возглавляет реализацию программ федерального проекта «Кадры для беспилотных авиационных систем». Обучение уже прошли более 2500 человек из 34 регионов РФ.    🌍 Международные проекты. С 2015 года развивает экспорт образования – более 780 студентов из 33 стран прошли обучение по англоязычным краткосрочным программам.    🏆 Поздравляем Ольгу Есипову с заслуженной наградой. Желаем новых успехов в подготовке специалистов и реализации амбициозных проектов!",282,0,18,15657,https://vk.com/wall-69812_41042,photo
41041,2026-08-04 08:51:33,"💥 Завтра, 5 августа, в 15:00 закрывается окно возможности получить новый опыт – с 8 по 9 августа Клуб водного туризма Самарского университета им. Королёва проводит учебно-тренировочные сборы по водному туризму и гребному слалому!    Условия: ◽опыт не требуется ◽участие бесплатно ◽всё специальное снаряжение, необходимое для участия, предоставляет клуб ◽проживание в палатках, приготовление пищи на костре ◽требований к физической форме и навыкам участников нет, главное – желание.    💬 Записывайтесь по телефону: +79679241259 до 5 августа 15:00. Сборы пройдут в Тимашево.    А в этом [https://vk.ru/wall-119422655_771|посте] суданец Мазин поделился впечатлениями, которые получил от своего первого прохождения водопада на каяке!",21,0,5,5754,https://vk.com/wall-69812_41041,photo
41037,2026-08-03 08:52:03,"⚡️ Выпускники химических направлений университета вошли в число самых высокооплачиваемых в стране!    💥 Исследовательский центр SuperJob представил свежий рейтинг университетов России с профильными химическими, химико-технологическими, инженерно-химическими и фармацевтическими направлениями подготовки специалистов. В 2026 году в рейтинг попал Самарский национальный исследовательский университет имени академика С.П. Королёва, он включен в ТОП-20 рейтинга: эксперты отнесли вуз на 13 позицию.    📌 По данным исследования, средняя зарплата молодых людей с дипломом Самарского университета им. Королёва в данных сферах, окончивших вуз в 2020-2025 годах, составила 125 000 рублей. При этом составители рейтинга указывают, что 95% выпускников университета, окончивших вуз в этот период, остались работать в Самарской области. Подробнее на сайте!",68,2,18,8479,https://vk.com/wall-69812_41037,photo
41034,2026-08-02 08:53:11,"Внимание!    🔺 Открытие Ботанического сада Самарского университета им. Королева, запланированное на 3 августа, откладывается до завершения всех работ!    Приносим извинения за временные неудобства!    📌 О дате открытия сообщим дополнительно!",60,1,8,7678,https://vk.com/wall-69812_41034,photo
